﻿{
  "Bridge": {
    "Startup": true,
    "AutoRun": true
  },
  "Plugins": [
    {
      "Profile": {
        "Key": "microsnow.bridge.plugin.core"
      },
      "Configs": [
      ]
    },
    {
      "Profile": {
        "Key": "microsnow.bridge.plugin.print"
      },
      "Configs": [
        {
          "Key": "printerid",
          "Caption": "设备编码",
          "Value": "ad35f70f2a981bfe42ec64e414338630",
          "Values": [
          ],
          "ValueType": "2",
          "Base64": false
        },
        {
          "Key": "printersecret",
          "Caption": "校验码",
          "Value": "3094bea4ef823f6774699bb76680633d",
          "Values": [
          ],
          "ValueType": "2",
          "Base64": false
        },
        {
          "Key": "runtype",
          "Caption": null,
          "Value": "1",
          "Values": [
          ],
          "ValueType": "1",
          "Base64": false
        },
        {
          "Key": "printer",
          "Caption": "\u6253\u5370\u673A\u540D\u79F0",
          "Value": "Microsoft Print to PDF",
          "Values": [
            "\u5BFC\u51FA\u4E3AWPS PDF",
            "OneNote for Windows 10",
            "OneNote (Desktop)",
            "Microsoft XPS Document Writer",
            "Microsoft Print to PDF",
            "Fax",
            "Canon MG6300 series Printer"
          ],
          "ValueType": "1",
          "Base64": false
        }
      ]
    },
    {
      "Profile": {
        "Key": "microsnow.bridge.plugin.report"
      },
      "Configs": [
        {
          "Key": "editor",
          "Caption": "Rdlc\u7F16\u8F91\u5668",
          "Value": "RDpcUHJvZ3JhbSBGaWxlcyAoeDg2KVxNaWNyb3NvZnQgVmlzdWFsIFN0dWRpb1wyMDE5XFByZXZpZXdcQ29tbW9uN1xJREVcZGV2ZW52LmV4ZQ==",
          "Values": [
          ],
          "ValueType": "2",
          "Base64": true
        }
      ]
    }
  ]
}